{
  "display": {
    "background": "minecraft:textures/block/stone.png",
    "icon": {
      "item": "minecraft:bread"
    },
    "title": "Niceee",
    "description": "yu it bred",
    "frame": "task",
    "show_toast": true,
    "announce_to_chat": true,
    "hidden": true
  },
  "criteria": {
    "niceee": {
      "trigger": "minecraft:consume_item",
      "conditions": {
        "item": {
          "item": "minecraft:bread"
        }
      }
    }
  },
  "rewards": {
    "experience": 1
  }
}