{
  "display": {
    "icon": {
      "item": "minecraft:emerald_block"
    },
    "title": "STONKS",
    "description": "YOUVEGOTSTONKS",
    "frame": "goal",
    "show_toast": true,
    "announce_to_chat": true,
    "hidden": true
  },
  "criteria": {
    "stonks": {
      "trigger": "minecraft:inventory_changed",
      "conditions": {
        "items": [
          {
            "item": "minecraft:emerald_block",
            "count": {
              "min": 1,
              "max": 1
            }
          }
        ]
      }
    }
  },
  "rewards": {
    "experience": 1
  },
  "parent": "the_project:niceee"
}